[
  {
    "id": "msk",
    "name": "Москва"
  },
  {
    "id": "spb",
    "name": "Санкт-Петербург"
  },
  {
    "id": "nsk",
    "name": "Новосибирск"
  },
  {
    "id": "ekb",
    "name": "Екатеринбург"
  },
  {
    "id": "kzn",
    "name": "Казань"
  },
  {
    "id": "nng",
    "name": "Нижний Новгород"
  },
  {
    "id": "chl",
    "name": "Челябинск"
  },
  {
    "id": "sam",
    "name": "Самара"
  },
  {
    "id": "oms",
    "name": "Омск"
  },
  {
    "id": "ros",
    "name": "Ростов-на-Дону"
  },
  {
    "id": "ufa",
    "name": "Уфа"
  },
  {
    "id": "krk",
    "name": "Красноярск"
  },
  {
    "id": "prm",
    "name": "Пермь"
  },
  {
    "id": "vlg",
    "name": "Волгоград"
  },
  {
    "id": "vrn",
    "name": "Воронеж"
  },
  {
    "id": "srt",
    "name": "Саратов"
  },
  {
    "id": "ksd",
    "name": "Краснодар"
  },
  {
    "id": "tms",
    "name": "Тольятти"
  },
  {
    "id": "izh",
    "name": "Ижевск"
  },
  {
    "id": "brn",
    "name": "Барнаул"
  },
  {
    "id": "inn",
    "name": "Иннополис"
  }
]